Cycle_Index,Max_Real,Max_RF_Pred,Max_LR_Pred,Max_XGB_Pred
0,0.996125918403066,0.991529831195438,1.0220692962456988,1.0067899
1,0.9969707065008776,0.9950189798310237,1.0228886259221504,1.0087972
2,0.9976315510748912,0.9958472583125346,1.0231208661325613,1.0092417
3,0.9981880764784402,0.9958472583125346,1.0226644840432468,1.0091832
4,0.998361034094998,0.9971232363889624,1.0144812935941414,1.007323
5,0.9987436629155584,0.9978167861436005,1.0204058732529528,1.0091832
6,0.9989446956283976,0.9983299611105347,1.0166693777262288,1.0068867
7,0.9990446955532803,0.9987025155694889,1.0207005409700143,1.0069453
8,0.9992099536451056,0.9987025155694889,1.015745004655937,1.0080619
9,0.9993484511936518,0.9989275414481225,1.009052704767506,1.0080619
10,0.9993270427590292,0.9989275414481225,1.0053518742189447,1.0078834
11,0.9994447891494542,0.998818226677885,1.0081672499760006,1.0078834
12,0.9994030990399256,0.998889758183496,1.0110199978010332,1.0080619
13,0.9994786858376068,0.9990665391952664,1.0112690367168817,1.0078834
14,0.9996030988896912,0.9985603771793399,1.0100794508729043,1.0078834
15,0.9997258218021996,0.9985603771793399,1.0127471399441708,1.0097436
16,0.999780000165258,0.9985603771793399,1.0136004498331952,1.0078834
17,0.9998191550654236,0.9985603771793399,1.011112624999882,1.0078834
18,0.998554930662963,0.9985603771793399,1.00713179410053,1.0097436
19,0.999788826449708,0.9985241162031174,1.0108439624722316,1.0093662
20,0.9998760564311312,0.9985241162031174,1.0073611959939326,1.0097436
21,0.9998898592376646,0.9986986973876069,1.0110704434132045,1.0077881
22,0.999991830992052,0.9991850331682002,1.0112540263669474,1.0081654
23,0.999820845204999,0.9991381653601354,1.0068260791570771,1.0097436
24,0.9997944602482928,0.9998221355025281,1.0055073200485274,1.0073769
25,0.9998601878984504,0.999867650906181,1.0041322430492907,1.009237
26,0.9998169954426328,0.9994783916087505,1.0055780752131311,1.009237
27,0.9998572771025148,0.999867650906181,1.0072327326037762,1.009237
28,0.999902910871053,0.999767619614341,1.011768338327763,1.0072815
29,0.9998873240283014,0.9997665936523734,1.0097796872511733,1.0085652
30,0.999730892220926,0.9997759205793516,1.009836122399223,1.0076588
31,0.9998937090000308,0.9997665936523734,1.0128994943651788,1.0085652
32,0.99994516436044,0.9994969988280716,1.0061926143542548,1.0076768
33,0.9998991550053298,0.9997496186452732,1.0048327760596152,1.0074418
34,0.9998281691431592,0.9992529983610081,0.9980511208599061,1.0089246
35,0.9999317371404792,0.9996587460192342,1.0088111028848947,1.0076768
36,0.9987967145189,0.999725414592452,1.003284311082108,1.0074418
37,0.9999879812296856,0.9998848124518208,1.0045950692672103,1.00902
38,0.999956525854253,0.9998848124518208,0.9962492597797709,1.0071598
39,0.9999522066086712,0.999713863764788,1.0050265138581072,1.0086426
40,0.9999049765972008,0.999713863764788,1.0038962742977071,1.0071598
41,0.9998831925760056,0.999713863764788,1.0018579102226135,1.00902
42,0.9998440376758404,0.9996446440821348,1.0033006727089417,1.008821
43,0.9999009390415484,0.9997413176802628,1.003529549012875,1.0075406
44,1.0,0.9995427750833812,0.9966440879866524,1.0087956
45,0.999997652583923,0.9997413176802628,1.0050605207713237,1.0074418
46,0.9998994366952588,0.9995427750833812,1.005242880023455,1.0074418
47,0.9999276995848267,0.9995427750833812,1.0058742740041096,1.0076768
48,0.9996756809947936,0.9995660180877096,1.0110099079311352,1.0076027
49,0.9999309859673344,0.9995427750833812,1.0094742232562879,1.0090855
50,0.9998373710141816,0.9995427750833812,1.0130515098231538,1.008509
51,0.99997258218022,0.9995857911729031,1.0113466735682184,1.0090855
52,0.9999387793887105,0.9995427750833812,1.0078702934964654,1.0090855
53,0.999930328690833,0.9995427750833812,1.0107896078191352,1.0090855
54,0.9998865728551568,0.9995427750833812,1.0036626509163167,1.008509
55,0.99990159631805,0.9995427750833812,1.0072124832579665,1.0090855
56,0.9986984047335928,0.9995427750833812,1.006590342251822,1.0090855
57,0.9997107044426632,0.9995427750833812,1.0046285369390768,1.0090855
58,0.9998071362951088,0.9995427750833812,1.0034876894393276,1.0090855
59,0.999769483741233,0.9995455984792416,1.005873374173964,1.0099151
60,0.9998309860424518,0.999552214235782,1.0056127186553347,1.0072563
61,0.9997688264647314,0.9995427750833812,0.9989991635712407,1.0091164
62,0.9997869485168464,0.9995427750833812,0.9972088331246706,1.0076336
63,0.9996878875583944,0.999662924859012,0.9904882958215652,1.0078686
64,0.9996947420133394,0.9995427750833812,0.9976186381963702,1.0076336
65,0.9996530519038108,0.9995433215470962,0.9953985537370981,1.0092118
66,0.9994401882139432,0.9995364812333638,0.9905415514413263,1.0073516
67,0.9993838502280938,0.9995364812333638,0.9900247847732546,1.0101974
68,0.9982466679837236,0.9995364812333638,0.9905356810515991,1.0101389
69,0.99939652627491,0.9995364812333638,0.9927649538216344,1.0085607
70,0.9994076999754368,0.9995455921176274,0.9817669399259911,1.00982
71,0.9993740849772133,0.9995364812333638,0.9832726502844547,1.01004
72,0.9994015966936364,0.9995455921176274,0.9854653111288371,1.0083584
73,0.9995180285310584,0.9994773720748689,1.0070446719181347,1.0099447
74,0.9993257282060256,0.9994485734535308,0.9896244713987077,1.0084618
75,0.9992736155691152,0.9995599456262089,0.9811101142255323,1.0085607
76,0.99906234812218,0.9994064493283326,0.9842853989727004,1.0097615
77,0.9991098598235796,0.9994904074245544,0.9887084771147447,1.0086192
78,0.9992520193412062,0.9994064493283326,0.9910758152104975,1.0099447
79,0.9992092024719608,0.999426215015595,0.9940970936484063,1.0099447
80,0.9992093902652468,0.999426215015595,0.9903634095031877,1.0086969
81,0.999215211857118,0.9991580693170081,0.9934750972493938,1.0099145
82,0.9992333339092327,0.9993567308037936,0.992291437704141,1.0099447
83,0.999228826870365,0.9993782049389207,0.9973818520282585,1.0099447
84,0.9993004700090368,0.9993782049389207,1.0055330180841426,1.0099447
85,0.9992409395373224,0.9994316673056951,0.996861618620252,1.0099447
86,0.999096808190191,0.9994316673056951,0.9937837029555532,1.0099447
87,0.9991668550859304,0.9994316673056951,0.9940879374487179,1.0099447
88,0.9991272307025496,0.9993782049389207,0.9869748055384366,1.0095674
89,0.9991239443200418,0.9993782049389207,0.9885561606861808,1.0099447
90,0.9991477001707416,0.999369937010237,0.986705929052991,1.009467
91,0.9991099537202228,0.9993782049389207,0.9875030213135566,1.009467
92,0.9990258223280208,0.9988703684240151,0.9834698932836666,1.0105317
93,0.9989406580727452,0.9988349785847852,0.9775684485855016,1.0090488
94,0.9988690149340732,0.9991012736396769,0.9794503172249616,1.0074651
95,0.9988329586231296,0.9989601868685346,0.9746578078701595,1.0090488
96,0.9988320196566988,0.9993782049389207,0.9806184494217646,1.010102
97,0.9988864797096866,0.9993826455768714,0.9895585443106998,1.008948
98,0.9987940854128936,0.9993826455768714,0.9830861465291125,1.0090065
99,0.9975493915121942,0.9987586622420965,0.985444187277318,1.0104027
100,0.998710141813978,0.9983957698595098,0.9753084726273626,1.0091019
101,0.9987139915763446,0.9983957698595098,0.9808446930366178,1.0090433
102,0.9986401888148816,0.998609514553651,0.9830284409607862,1.0074651
103,0.9974993446014312,0.99860060541732,0.9901279111991768,1.0089415
104,0.9986684517044496,0.9983957698595098,0.9835991359826268,1.0100371
105,0.9985928649067682,0.99860060541732,0.9896605928755428,1.0100371
106,0.9986720197768866,0.99860060541732,0.9830435662890572,1.0101167
107,0.998676808505684,0.99860060541732,0.9888171807447578,1.0099382
108,0.9975079830925948,0.99860060541732,0.986537623475295,1.0099382
109,0.9985476067248024,0.99860060541732,0.9915546754935202,1.0095608
110,0.9985318320887648,0.99860060541732,0.9918164961493284,1.0099382
111,0.9985705175057146,0.9983957698595098,0.9927716439464608,1.0099382
112,0.998527794533112,0.9983957698595098,0.9962769253338503,1.0099382
113,0.9985365269209188,0.9983957698595098,0.9918707693479438,1.0099382
114,0.9984460105569876,0.998264224836181,1.00176262137497,1.0106081
115,0.9985520198670274,0.998264224836181,1.0006634414681104,1.0099382
116,0.9985984987053532,0.998264224836181,1.0014616925783904,1.0099382
117,0.9985828179659584,0.998264224836181,1.0002348779758419,1.0099382
118,0.9985787804103058,0.998305162275826,1.0020705501783638,1.0107088
119,0.9985065738917754,0.9979363279631224,0.9956478733381332,1.0107088
120,0.9984841325940788,0.9979363279631224,0.9985209599420305,1.0104846
121,0.9983598134386378,0.9979363279631224,0.9990155879691645,1.0107088
122,0.998268545901562,0.9975962833148394,0.9944087227566322,1.0107088
123,0.9980784990959632,0.9975962833148394,0.9937406399166416,1.0107088
124,0.998220752510233,0.9975962833148394,0.9897082486345805,1.0107088
125,0.9982273252752486,0.9976776608697167,0.985137445358313,1.0107088
126,0.9980568089714112,0.9972376654068333,0.9853577859916663,1.0107088
127,0.9980219733168276,0.9972376654068333,0.9860732845384044,1.0108076
128,0.9979787808610096,0.9972376654068333,0.9733491205680043,1.0108873
129,0.9979899545615364,0.9972376654068333,0.9814909661236778,1.0108076
130,0.997901597820396,0.9972376654068333,0.9805547204192853,1.0108076
131,0.9979367151649088,0.9972376654068333,0.9798660264712793,1.0104303
132,0.9979184992161508,0.9972376654068333,0.9783603801383862,1.0112958
133,0.9978232880200656,0.9972376654068333,0.9852889778828744,1.0097121
134,0.9977243209582566,0.9972376654068333,0.9798321129322385,1.0108076
135,0.9977538045041844,0.9972376654068333,0.9778028492833666,1.0108662
136,0.9976507998867232,0.9972376654068333,0.9825554499685154,1.0108662
137,0.9976702364918412,0.9972376654068333,0.9853947805018318,1.0097121
138,0.9977964335801438,0.9972376654068333,0.9901790883923509,1.0111116
139,0.9978121143195384,0.9972376654068333,0.9926098782848161,1.0111116
140,0.997800001652581,0.9976776608697167,0.994413620637524,1.0111116
141,0.9977672317241452,0.9972376654068333,0.9938127950851577,1.0113497
142,0.9978172786349082,0.9972376654068333,0.9906940761936064,1.0098261
143,0.9976721144247028,0.9972376654068333,0.9910243975014068,1.0111116
144,0.9976919266163932,0.9972376654068333,0.9992251815156773,1.0111116
145,0.9977492974653164,0.9972376654068333,0.9949668557363565,1.0098261
146,0.9976800017427218,0.9972376654068333,0.9965503681697191,1.0111116
147,0.9976571848584528,0.9972376654068333,0.9921439250154936,1.0111116
148,0.9975885464123596,0.9972376654068333,0.9894155890074272,1.0111116
149,0.9975073258160936,0.9971975125931968,0.9836400510712361,1.0111116
150,0.9974575605952596,0.9971975125931968,0.9858531613298228,1.0098742
151,0.9975077014026658,0.9971975125931968,0.9892850649316791,1.0098742
152,0.9973879831827356,0.9971975125931968,0.9831417575919947,1.0098742
153,0.997164696965486,0.9971975125931968,0.9785604414007352,1.0098742
154,0.9972777485237572,0.9971975125931968,0.9789303480540191,1.0098742
155,0.9971798143250222,0.9971975125931968,0.974637945442208,1.009973
156,0.997070330839188,0.997152182825374,0.9805276052874703,1.0088775
157,0.9971120209487168,0.997152182825374,0.9724511268889227,1.0104612
158,0.9971632885158396,0.996987303229069,0.9749699066470126,1.0091757
159,0.9970237581042194,0.996987303229069,0.9784907540572949,1.0088775
160,0.9958938059013664,0.996987303229069,0.9764810817404777,1.0088775
161,0.9969210351766874,0.996987303229069,0.9675184497039837,1.0088775
162,0.9968826314496666,0.996987303229069,0.9656703170528953,1.0106618
163,0.9969465750636056,0.996987303229069,0.9707817668826308,1.0087192
164,0.996933241740288,0.996987303229069,0.9768548249471467,1.0088775
165,0.9969177487941794,0.996987303229069,0.9759384963065318,1.0088775
166,0.9969722088471672,0.996987303229069,0.980158642992339,1.0078511
167,0.9969078896466556,0.996987303229069,0.9795259352453592,1.0077523
168,0.996710800592826,0.996987303229069,0.9820923568346569,1.0064669
169,0.9968500493145168,0.996987303229069,0.9835426112939689,1.0079904
170,0.9968717394390691,0.996987303229069,0.9792272859822773,1.0079904
171,0.9968804718268756,0.996987303229069,0.9871561890015677,1.0077523
172,0.995683477420862,0.996987303229069,0.9899033207469495,1.0077523
173,0.9965722091476364,0.996987303229069,0.9892268976653336,1.0079904
174,0.9968792511705156,0.996987303229069,0.9837354523996122,1.0077523
175,0.9968117394841396,0.996987303229069,0.9871402152399203,1.0077523
176,0.9968198145954446,0.996987303229069,0.9945412056720683,1.0079904
177,0.995650144112568,0.996987303229069,0.9919345916404674,1.0079904
178,0.9967329602005932,0.996987303229069,0.988588924653294,1.0077523
179,0.9966228194382578,0.996987303229069,0.9789836602358709,1.0077523
180,0.9966605658887768,0.996987303229069,0.9883178043531105,1.0077523
181,0.996578594119366,0.996987303229069,0.9866340928011246,1.0077523
182,0.9965495800566536,0.9969873956444977,0.9837753497635947,1.0077523
183,0.996536622319908,0.9969873956444977,0.9860685253630842,1.0077523
184,0.9964646974913072,0.9969873956444977,0.981069181441854,1.0077523
185,0.9961688291689548,0.9969873956444977,0.9825559661984753,1.0077523
186,0.9962953079471866,0.9969873956444977,0.9820518012625306,1.0077523
187,0.9962207540125791,0.9969873956444977,0.9775242241106143,1.0077523
188,0.9961864817378544,0.9969873956444977,0.9720272280692511,1.0077523
189,0.9961477024242612,0.9978678079600244,0.9657256401796994,1.0078511
190,0.9949327737594188,0.9969873956444977,0.9682514930994144,1.0051401
191,0.9960612236159824,0.9969873956444977,0.9610710579573922,1.003986
192,0.9959904255470984,0.9969873956444977,0.9671248189674232,1.002641
193,0.9958799091981904,0.9969873956444977,0.9663231189072375,1.003986
194,0.9958890171725694,0.996739629879904,0.9663567511281118,1.0021188
195,0.995841974954385,0.996739629879904,0.9759232692914037,1.0021188
196,0.9958781251619716,0.996739629879904,0.9723333451683707,1.0027097
197,0.9960308950002666,0.9967397222953331,0.9785441266020344,1.0025313
198,0.9959746509110604,0.9967397222953331,0.986120871125789,1.0025313
199,0.996036810488781,0.9967397222953331,0.9806536142652402,1.0025313
200,0.9959731485647711,0.9967397222953331,0.978421828223594,1.0027694
201,0.9959851673350856,0.9967397222953331,0.9811227762445258,1.0027694
202,0.9959351204243228,0.9967397222953331,0.97638478076423,1.0027694
203,0.994751741031556,0.9967397222953331,0.9880103776631908,1.0016764
204,0.99592620024323,0.9963958906925094,0.9844684603267759,1.0027694
205,0.9959084537776872,0.9962592082733249,0.9862887384346889,1.0016649
206,0.9958559655542044,0.9962592082733249,0.9906783868581281,1.0016649
207,0.9958378435020896,0.9962592082733249,0.984984707758999,1.0016649
208,0.9958094867158784,0.9962592082733249,0.989130628412329,1.0027694
209,0.9956836652141484,0.996160138933659,0.9857211560943718,1.0027694
210,0.9956154962512704,0.996160138933659,0.9853071811348887,1.0014839
211,0.9956929609818136,0.996160138933659,0.9896717618181508,1.0016776
212,0.9956482661797064,0.996160138933659,0.9881215000422829,1.0016649
213,0.995601411754808,0.996160138933659,0.9871282176621017,1.0022388
214,0.995614745078126,0.996160138933659,0.9805074468398804,0.9982886
215,0.9955912709173552,0.996160138933659,0.9862476029314351,0.9982886
216,0.9956054493104608,0.9959835792569505,0.9946708487154716,0.9982886
217,0.9955014118299256,0.995857524612077,0.9934278438008267,0.99810755
218,0.995412116122354,0.9958896389735825,0.9955383566782344,0.9988624
219,0.9954347452133372,0.995902993003043,0.9869523016100177,0.9988624
220,0.9955540878466947,0.99599356012326,0.989098923354522,0.9982886
221,0.995500848450067,0.9958347442088795,0.9910791922317754,0.9982886
222,0.9954424447380698,0.99599356012326,0.9860994855671114,0.9982886
223,0.9954146513317174,0.9956441835947087,0.9857409870450756,0.99830014
224,0.9953472335419844,0.9956092043549107,0.9920117859996407,0.9982886
225,0.9953056373290988,0.9956441835947087,0.9894746294002459,0.99810755
226,0.9952383134360088,0.9956461705264278,0.9914583456570085,0.9982886
227,0.9941783142322522,0.9956567058853101,0.9855927984065308,0.9982886
228,0.9952335247072116,0.9951726800770078,0.98232915241688,0.9983013
229,0.9951725857858512,0.9952478600283309,0.9901028553762324,0.9982886
230,0.9950324919943724,0.9952229540702713,0.9850446710621723,0.9982886
231,0.9949624450986329,0.9951726800770078,0.9818338405955751,0.99810755
232,0.9936915540345134,0.9951734656081526,0.9955850680131295,0.9983013
233,0.9948026330121068,0.9951734656081526,0.9927916338944789,0.9988624
234,0.9948447926048508,0.9951734656081526,0.9871327597349893,0.9982886
235,0.994964980307996,0.9951726800770078,0.9878501881561899,0.99590576
236,0.9948061071879007,0.9952229540702713,0.9849368800995629,0.9966606
237,0.9946510838301718,0.9952458730966118,0.9859792392432547,0.9960868
238,0.9947693936004556,0.9952458730966118,0.9861592250256518,0.99590576
239,0.9945659195748962,0.9978678079600244,0.975840685079398,0.9960868
240,0.99467540306073,0.9952458730966118,0.9851542102590743,0.9960868
241,0.9946403796128604,0.9952478600283309,0.9828565745127452,0.9960868
242,0.9945227271190784,0.9951597419169769,0.9772367758796566,0.9960868
243,0.9944525863266958,0.9951548901069653,0.9840858737521965,0.9960999
244,0.9945336191296756,0.9951616826409816,0.9880564342221204,0.99611264
245,0.994403760072293,0.9978678079600244,0.9751689591093503,0.9966737
246,0.9944281731994944,0.9950451467852738,0.9873828268856549,0.99611264
247,0.9944814125961222,0.9978678079600244,0.988164833864449,0.99533945
248,0.9944126802533858,0.9951040154134148,0.9880784914360008,0.9966737
249,0.994436811690658,0.9978678079600244,0.9876940471699804,0.9966737
250,0.9943139009848632,0.9950502296338575,0.9875556206740107,0.9966737
251,0.9942378447039666,0.995198094319926,0.9837594966371204,0.9966737
252,0.9931427281556972,0.9952344135834414,0.9865055751539656,0.9960999
253,0.99420901843454,0.9952344135834414,0.9829706074487359,0.9960999
254,0.9939805679019208,0.9951965232576365,0.9834436487415426,0.9966737
255,0.9938829153931154,0.9952344135834414,0.9832436769267098,0.9960999
256,0.993962633643092,0.9978678079600244,0.982691180111268,0.9960999
257,0.9928569067741546,0.9950949587013932,0.9842850895149973,0.9960999
258,0.9937609436537512,0.9978678079600244,0.9760598900449637,0.9966737
259,0.9938474224620302,0.9950949587013932,0.9794041719770057,0.99555475
260,0.9939619763665906,0.9950949587013932,0.9805559293933215,0.99555475
261,0.9938072346987912,0.9951147818108692,0.9808493523054547,0.99555475
262,0.9938672346537204,0.9951147818108692,0.9913344515837734,0.99555475
263,0.9937394413224854,0.9951147818108692,0.9863553756559641,0.99555475
264,0.9937245117562352,0.9951147818108692,0.9872523099060497,0.99555475
265,0.99371155401949,0.9951147818108692,0.9781742645893678,0.99555475
266,0.9936904272747966,0.9954096893840787,0.9836896171119035,0.99555475
267,0.9937400985989872,0.9951147818108692,0.9865550541281212,0.99555475
268,0.9937362488366206,0.9978678079600244,0.9839252465970926,0.99555475
269,0.9936269531440728,0.9978678079600244,0.9812514186148098,0.99555475
270,0.993394371159158,0.9950584083993056,0.9777764794604606,0.99498093
271,0.9933972819550936,0.9945072427819854,0.979841174368157,0.9972782
272,0.9934967185001176,0.9945072427819854,0.9855194896852628,0.9959927
273,0.9933790660063356,0.9978678079600244,0.9849286694270083,0.99671715
274,0.9934276105708092,0.9945072427819854,0.9819775256390519,0.9972782
275,0.9931298643155948,0.9945072427819854,0.9822449419249705,0.9972782
276,0.9934098641052664,0.9945072427819854,0.9773688963763345,0.9972782
277,0.9933072350743776,0.9945072427819854,0.9842033840568254,0.9972782
278,0.9930686437043053,0.9945072427819854,0.9829430173025969,0.9972782
279,0.9932481740858786,0.9945072427819854,0.9867114042932451,0.9972782
280,0.9931215075143608,0.9978678079600244,0.9893481582689627,0.9972782
281,0.9930066719198708,0.9941377196899572,0.9800226768676432,0.9967044
282,0.9917788794149264,0.9978678079600244,0.9735131743258331,0.9967044
283,0.992965545190201,0.9941278774467908,0.9702784229266391,0.994031
284,0.9928189725303492,0.9941278774467908,0.9714018769348216,0.994031
285,0.992927986532968,0.9978678079600244,0.9739281956770964,0.994031
286,0.9927997237185174,0.9941278774467908,0.974492986846387,0.994031
287,0.99275258760369,0.9978678079600244,0.9725588222129427,0.994031
288,0.9927268599234856,0.994051403679465,0.9733888412844767,0.994031
289,0.9927991603386592,0.9941278774467908,0.9744841484851181,0.994031
290,0.9915146542612928,0.9978678079600244,0.9731932155964038,0.994031
291,0.9924486441700326,0.9941377196899572,0.9743847920617447,0.9946048
292,0.9926935266151912,0.9978678079600244,0.9797737764877139,0.9946048
293,0.9925607567618728,0.9978678079600244,0.9737264179953506,0.9927455
294,0.9925055455357406,0.9941377196899572,0.9746225477180244,0.9946048
295,0.99241963010732,0.9978678079600244,0.9721624572181765,0.994031
296,0.9924193484173908,0.9941377196899572,0.9728322758179888,0.99404377
297,0.992532212182376,0.9941621635708731,0.9721838368793759,0.9927583
298,0.9925943717600964,0.9941621635708731,0.9762684852453738,0.9946048
299,0.9924784094058896,0.9978678079600244,0.9759671942844131,0.9946048
300,0.9911475183868408,0.994036986872573,0.9826843442480873,0.9926307
301,0.992347611382076,0.9941621635708731,0.9761066620476491,0.9926307
302,0.9922850762177832,0.9942270392018855,0.9711655730566429,0.9926307
303,0.9922464846974764,0.9941621635708731,0.9742951253121623,0.9926307
304,0.9922493954934118,0.9942412114690489,0.9714311900015187,0.9926307
305,0.9920975646215476,0.9941717285677532,0.9641248952077051,0.9920569
306,0.9920490200570742,0.9941717285677532,0.967722387757598,0.9920569
307,0.9920481749872866,0.9941717285677532,0.9662135863824098,0.9926307
308,0.9919216962090546,0.9941717285677532,0.9713510328914179,0.9926307
309,0.9919480811657608,0.9941717285677532,0.9718059877861983,0.9926307
310,0.9919304285968612,0.9941717285677532,0.9746459199249259,0.9913452
311,0.9918916492832682,0.9935282399370686,0.9719204579784549,0.9926307
312,0.9918882690041172,0.9935109582518845,0.9730099386827437,0.9926307
313,0.9918766258203752,0.9933890623013069,0.9692234190682947,0.9926307
314,0.991742071930838,0.9935858147492067,0.9706087415859375,0.9926307
315,0.9916649827868677,0.9935447822988226,0.9707737633646086,0.9926307
316,0.9917528700447926,0.9937025816434863,0.9677831672846215,0.99237525
317,0.9916055462117964,0.993487253694399,0.9663210584232398,0.99237525
318,0.9915692082109236,0.9935282861447832,0.9680597200857042,0.99237525
319,0.99162911426921,0.9978678079600244,0.9660926678522482,0.9906421
320,0.9915195368867328,0.9934795370060949,0.9657831132554978,0.9911694
321,0.9914669547666068,0.9978678079600244,0.96942883469506,0.9911694
322,0.991452306890286,0.9934690940626414,0.9664330089826593,0.9929026
323,0.9901387867502072,0.9934938613975578,0.9603336733244165,0.9911694
324,0.9912717436456386,0.9934938613975578,0.9685661639704728,0.9906279
325,0.9913436684742398,0.9978678079600244,0.9564039111334082,0.9906279
326,0.9912998187419202,0.9934938613975578,0.9694042072964246,0.9906279
327,0.990177472167157,0.9934938613975578,0.9644177891485698,0.9906279
328,0.9913044196774312,0.9978678079600244,0.9673811963196328,0.9906279
329,0.9912157812463616,0.9934329596299833,0.9696266362799539,0.9906279
330,0.9911835746977844,0.9934093474879269,0.9693506243461976,0.9906279
331,0.9911917437057324,0.9978678079600244,0.9681178224195379,0.99236107
332,0.9910323072057786,0.9935169652547561,0.9658570204193806,0.9875183
333,0.9899969089225098,0.9978678079600244,0.9696529690457144,0.9875183
334,0.9910377532110776,0.9978678079600244,0.9662313471882841,0.9857851
335,0.9910491147048904,0.9932793189796154,0.9640638277792719,0.9857851
336,0.9909656405891902,0.9978678079600244,0.9615873359857211,0.9848501
337,0.989815594504718,0.9932793189796154,0.9635775241152036,0.9848501
338,0.9907889271069092,0.9932382865292313,0.9638153870962045,0.9865833
339,0.9908189740326956,0.9978678079600244,0.9620721674296442,0.9848501
340,0.9908031993966576,0.9932793189796154,0.9582076285677014,0.98612356
341,0.990790992833057,0.9932793189796154,0.958946434683881,0.98612356
342,0.9907096783401478,0.9932793189796154,0.960314948971107,0.98612356
343,0.9907506172765316,0.9932793189796154,0.9553611691094069,0.98612356
344,0.9906831994867984,0.9978678079600244,0.9557159511358512,0.9860263
345,0.9905921197430086,0.9932793189796154,0.9541642693283339,0.98612356
346,0.9904583170266164,0.9932793189796154,0.9555202422753344,0.98612356
347,0.9903774720169224,0.9932793189796154,0.9528581998859358,0.9860263
348,0.9904250776149652,0.9932793189796154,0.9541160367961556,0.9860263
349,0.9903325894215292,0.9932793189796154,0.9577388216304255,0.98612356
350,0.9903241387236518,0.9932793189796154,0.9571955877157858,0.9860263
351,0.9891365339819462,0.9932793189796154,0.9556915941987827,0.9860263
352,0.9902736223296734,0.9922483324560027,0.9535319393215109,0.98612356
353,0.9902817913376216,0.9922483324560027,0.9526703555898268,0.9860263
354,0.9902317444268588,0.9978678079600244,0.9523425062368487,0.98612356
355,0.9890499612770244,0.9922483324560027,0.9532051522279597,0.98612356
356,0.9900346553730288,0.9922483324560027,0.9525978111206614,0.98612356
357,0.9900733407899788,0.9933043079853245,0.9613621346534211,0.98785675
358,0.9901015097829036,0.9933043079853245,0.9612591594804536,0.9880007
359,0.9888785999033992,0.9918578772693531,0.9602132041475333,0.98785675
360,0.990061040329735,0.9919155444969199,0.966501457993759,0.98785675
361,0.9900206647732096,0.9918597344389215,0.9730843486941989,0.9880007
362,0.989972120208736,0.9931141882361664,0.9579117176267712,0.98785675
363,0.989965359650434,0.9933043079853245,0.9600034811015545,0.98785675
364,0.9886634826940977,0.9933043079853245,0.9646915696798073,0.98785675
365,0.9898139982617854,0.9933043079853245,0.9626925844519214,0.9880007
366,0.989767801113389,0.9915296176662812,0.9635715130582014,0.9880007
367,0.9895918388042524,0.993356322313981,0.9585239661347322,0.98657125
368,0.9896262988722638,0.9933043079853245,0.9607127448344682,0.9880007
369,0.9894529656691338,0.9933043079853245,0.9630812217894621,0.9880007
370,0.9896293035648424,0.9915856214161296,0.9610683512993774,0.98785675
371,0.989615031275094,0.9978678079600244,0.9675109895330725,0.9880007
372,0.9896294913581286,0.9978678079600244,0.9629081154345975,0.9880007
373,0.9895780359977197,0.9915926449887178,0.9656851949339831,0.9880007
374,0.9895447026894252,0.991544866212032,0.9667206439596393,0.9880007
375,0.989534092368757,0.9978678079600244,0.9663516434844197,0.9880007
376,0.9895065806523338,0.9915926449887178,0.9685549104478126,0.9880007
377,0.9894058295543064,0.9915092400642322,0.9675759791162508,0.9880007
378,0.9894201018440548,0.9915092400642322,0.9667917490618102,0.9880007
379,0.989377848354668,0.9978678079600244,0.9657310771968286,0.9880007
380,0.9893509939147463,0.9915092400642322,0.9646009923494293,0.9880007
381,0.9881781309460048,0.9913666430576049,0.956491597990554,0.98785675
382,0.9891985057663808,0.9978678079600244,0.9613697817937094,0.98785675
383,0.9891675198741636,0.99162272621079,0.9632063789165113,0.9880007
384,0.9891403837443128,0.99162272621079,0.9569389422186113,0.9880007
385,0.9891869564792816,0.9915687093926605,0.9603316379244662,0.98785675
386,0.9890395387496425,0.991598836822447,0.9540569306456422,0.9880007
387,0.9890151256224408,0.9913464964941282,0.9625369064114276,0.98785675
388,0.9890235763203185,0.9916325684539564,0.9614052185545202,0.9880007
389,0.9889127782814812,0.991518527814826,0.9645342133133521,0.9880007
390,0.9889483651092092,0.991518527814826,0.9598791884298054,0.9880007
391,0.9889328721631008,0.9915522594463354,0.9595837567025916,0.98819345
392,0.988907801759398,0.9910501664217041,0.961072652316625,0.98819345
393,0.9877121219063872,0.9910613024808737,0.9625731819640342,0.98819345
394,0.9887328723133354,0.9906032916157765,0.9644711443428691,0.98819345
395,0.9885641400457164,0.9906032916157765,0.9571276119278421,0.9880495
396,0.9885903372091364,0.9907420995898232,0.9534701769758465,0.9880495
397,0.9885194452436094,0.9883630492064102,0.9544831285455465,0.98819345
398,0.9886078958813928,0.9883182277234455,0.9548631170349315,0.9880495
399,0.9885140931349536,0.9978678079600244,0.958667351966526,0.98817664
400,0.9884901494909676,0.9872128856872592,0.9504609514687501,0.98819345
401,0.988495032116408,0.9866092084651286,0.9565275109119233,0.9880495
402,0.9884787879971544,0.9872128856872592,0.9491011351937167,0.9880495
403,0.988340102655322,0.9866092084651286,0.9508947198206497,0.98819345
404,0.9883762528629088,0.9872128856872592,0.958126804251026,0.9880495
405,0.988297849165935,0.9866092084651286,0.9544500258994829,0.98819345
406,0.9882517459141816,0.9866092084651286,0.9560079645083246,0.98819345
407,0.9881797271889374,0.9866092084651286,0.9551998873255095,0.9880495
408,0.9882011356235602,0.9866092084651286,0.9559730324331009,0.98819345
409,0.9881533422322312,0.9866092084651286,0.9590090109842665,0.98819345
410,0.9869682726998892,0.9866092084651286,0.9576002786656146,0.98819345
411,0.9880825441633472,0.9866092084651286,0.9576909172499626,0.98819345
412,0.98801287285418,0.9866092084651286,0.959397188263343,0.98819345
413,0.9879335301907756,0.9866092084651286,0.9623261951590295,0.98819345
414,0.9878319340229604,0.9866092084651286,0.9643204050281993,0.98819345
415,0.987835971578613,0.9866092084651286,0.963618685801044,0.98816276
416,0.9877393519328812,0.9866092084651286,0.9570808809766536,0.98819345
417,0.9878088354487624,0.9866092084651286,0.961566406852804,0.98819345
418,0.9877786007296896,0.9866092084651286,0.9711053001220677,0.98816276
419,0.9877027322420792,0.9866092084651286,0.9632864116531463,0.98816276
420,0.9876941876475588,0.9866092084651286,0.9556231500004171,0.98819345
421,0.9876676148975664,0.9866092084651286,0.9624617556079732,0.98819345
422,0.9875717464249794,0.9866092084651286,0.964410203515153,0.98816276
423,0.9864475219173544,0.9866092084651286,0.9624226665617419,0.98819345
424,0.9852182270661204,0.9866092084651286,0.9595519396873666,0.98819345
425,0.9875227323772904,0.9866092084651286,0.9611820733739569,0.98819345
426,0.9871976621989392,0.9866092084651286,0.9621719390192363,0.98816276
427,0.9872857372501505,0.9866092084651286,0.9642476236841848,0.98819345
428,0.9872615119162352,0.9866025083465412,0.9591013923831926,0.98819345
429,0.9871676152731528,0.9866025083465412,0.9570499292079273,0.98819345
430,0.9871592584719188,0.9867235274305658,0.9555737652721452,0.98819345
431,0.9870010426283248,0.9866025083465412,0.9564706867159014,0.98819345
432,0.9870213243032306,0.9866025083465412,0.9565264735943864,0.98819345
433,0.9869678032166738,0.9866025083465412,0.9572879471389426,0.98819345
434,0.9868333432237796,0.9866025083465412,0.9581698492775044,0.98819345
435,0.9868730615038036,0.986811917936451,0.9496032425616294,0.98819345
436,0.9868223573165392,0.986811917936451,0.9497776730215033,0.98819345
437,0.9867132494172776,0.986811917936451,0.9447809251706623,0.98816276
438,0.986607709590453,0.9978678079600244,0.9446632039270275,0.98819345
439,0.986574845765374,0.9867112775356235,0.9501891258510478,0.98819345
440,0.986468554765405,0.9867112775356235,0.9432951848926796,0.98819345
441,0.9863606675225032,0.9859101126876773,0.9445672808802699,0.9880495
442,0.9861753155490588,0.9859101126876773,0.9439267146026631,0.98819345
443,0.986276911716874,0.9978678079600244,0.944174944141775,0.98819345
444,0.9862186957981628,0.9978678079600244,0.9399693310854069,0.98819345
445,0.9861570057036576,0.9859101126876773,0.9421796679615453,0.9880495
446,0.9861108085552612,0.9859495278680575,0.9517237585861182,0.98819345
447,0.9861065832063226,0.9891078860177923,0.9505881946946801,0.98819345
448,0.9861665831612524,0.9859101126876773,0.9461798040429217,0.98816276
449,0.9862091183405683,0.9859101126876773,0.9568273341736934,0.98816276
450,0.9862189774880922,0.9859495278680575,0.9503250070069753,0.98819345
451,0.9861799164845698,0.9859495278680575,0.9560058980898172,0.98816276
452,0.9861026395473133,0.9859495278680575,0.9622690962211434,0.98816276
453,0.9861749399624864,0.9859101126876773,0.9626726030087815,0.98740816
454,0.9860999165446636,0.9859101126876773,0.9658024683533092,0.98740816
455,0.9861362545455368,0.9859495278680575,0.9607606873094459,0.98740816
456,0.9859924048883344,0.9859495278680575,0.9622616813984066,0.98740816
457,0.985962357962548,0.9859495278680575,0.9592358050175008,0.98740816
458,0.9859253626851736,0.9859101126876773,0.9578181578745153,0.98743886
459,0.9857851749970518,0.9859101126876773,0.9587207032603409,0.98743886
460,0.9846719363966676,0.9859101126876773,0.9549797848225974,0.98743886
461,0.9857984144237264,0.9859495278680575,0.9491465632742142,0.98740816
462,0.9857886491728458,0.9859101126876773,0.9487370465109395,0.98743886
463,0.9857275224581992,0.9859101126876773,0.9506526295598039,0.98743886
464,0.9845364435406998,0.9859101126876773,0.9447187646401807,0.98740816
465,0.984492124325165,0.9859101126876773,0.9475534718614719,0.98743886
466,0.9844253638119336,0.9859495278680575,0.9478095878809869,0.98743886
467,0.985572123513898,0.9859101126876773,0.9524234401440674,0.98743886
468,0.9852822645767028,0.9859101126876773,0.940460783218634,0.98743886
469,0.985344142464494,0.9859101126876773,0.9444719874041285,0.98743886
470,0.9853074288770488,0.9859101126876773,0.949926593499321,0.98743886
471,0.9841048945690932,0.9859495278680575,0.9438581487277187,0.98743886
472,0.9852499641314824,0.9859495278680575,0.948667424977711,0.98743886
473,0.9852132505440372,0.9859495278680575,0.9384810326082442,0.98743886
474,0.9851586965944064,0.9859101126876773,0.9366027253308271,0.98743886
475,0.9850753163753494,0.9859101126876773,0.941843716985769,0.98743886
476,0.9849838610449873,0.9859101126876773,0.9306883481079387,0.98743886
477,0.9849408563824552,0.9859101126876773,0.9367863771921284,0.98743886
478,0.9849857389778488,0.9859185224916973,0.9406769618913462,0.98743886
479,0.9848729691095068,0.9859101126876773,0.9350163251903845,0.98743886
480,0.9848517484681704,0.9859101126876773,0.9404429618781949,0.9881935
481,0.9848352226589876,0.9859101126876773,0.9312620638456659,0.9881935
482,0.9846482744426108,0.9859101126876773,0.9348632774467653,0.9881935
483,0.9845958801157708,0.9859101126876773,0.9432601858441194,0.98804957
484,0.9845689317792063,0.9859101126876773,0.9403746289217526,0.9881935
485,0.9845682745027048,0.9859101126876773,0.9387972819982007,0.9881935
486,0.9845624529108336,0.9859495278680575,0.9436503690926161,0.9881935
487,0.9844699647173974,0.9859101126876773,0.9374246005792087,0.98804957
488,0.9843202934683244,0.9859185224916973,0.9313554345623554,0.98804957
489,0.984383767599048,0.9859101126876773,0.9360675559123404,0.9881935
490,0.984265363932121,0.9859101126876773,0.9280468724684596,0.98804957
491,0.984236725455981,0.9859101126876773,0.9280835718898202,0.98804957
492,0.9841937207934492,0.9859101126876773,0.9288712522890537,0.98804957
493,0.9839782279975752,0.983631154629189,0.9249165567825419,0.98804957
494,0.9840299650479136,0.983631154629189,0.9292492626748257,0.98804957
495,0.9840037678844936,0.983631154629189,0.9268476353966896,0.98804957
496,0.9839696834030548,0.983747613250048,0.9264810814384687,0.98804957
497,0.9839525942140138,0.983747613250048,0.9203454129963253,0.9886563
498,0.9838784158659788,0.981675637740391,0.923109349349742,0.9869231
499,0.9837512798112452,0.981675637740391,0.9150596918590863,0.9869231
500,0.9837001061407654,0.981675637740391,0.9106450752596194,0.9869231
501,0.9835709982565272,0.981675637740391,0.9124005568110488,0.9874621
502,0.9835264912477062,0.9818283080287566,0.9098818214986506,0.9874621
503,0.9834001063661174,0.9818283080287566,0.9071844340918205,0.98712116
504,0.9833873364226582,0.9816003653736391,0.9088797892270689,0.98712116
505,0.9832395431064468,0.9816003653736391,0.906174686972117,0.98712116
506,0.9831599187531128,0.9816003653736391,0.9060783278734195,0.98712116
507,0.9831425478741423,0.9816003653736391,0.9052941110567007,0.9875574
508,0.9830252709669328,0.9810662582695258,0.9017834323505292,0.98712116
509,0.9830161629925536,0.9810662582695258,0.9095588211566759,0.98712116
510,0.9829701536374432,0.9810662582695258,0.9127912610764727,0.98712116
511,0.9828940034599036,0.9810662582695258,0.910639271735532,0.9862701
512,0.9828839565190935,0.9810662582695258,0.9164590422274047,0.9871733
513,0.982961890732852,0.9810662582695258,0.9227585019866984,0.9871733
514,0.9829453649236696,0.9810662582695258,0.9264177723636009,0.9869948
515,0.982831656088897,0.9828974003140845,0.9235190220077866,0.9869948
516,0.9828346607814754,0.9810662582695258,0.9296766724347885,0.9869948
517,0.9828089331012708,0.9810662582695258,0.9231158115973315,0.98713875
518,0.9827411397249656,0.9810662582695258,0.9266247882646248,0.9869948
519,0.9826586984723392,0.9810296181023144,0.9325011474644402,0.98713875
520,0.9827020787214432,0.9810296181023144,0.9285122493139606,0.98713875
521,0.9825562572347364,0.9810662582695258,0.9241991314186155,0.98713875
522,0.9825693088681248,0.9810662582695258,0.9237512166766764,0.98713875
523,0.982561421550106,0.9810662582695258,0.925028408639329,0.98713875
524,0.9824389803275264,0.9809865209677409,0.9162331359230473,0.9869948
525,0.9823292151517634,0.9809911836782474,0.9237600196042253,0.98713875
526,0.9822944733938228,0.9810662582695258,0.9258193165842955,0.98713875
527,0.981146117448926,0.9810662582695258,0.9187425299551435,0.9869948
528,0.982183863148272,0.9810662582695258,0.9175491589976397,0.9871733
529,0.98213719651666,0.9828974003140845,0.9179896298332231,0.9871523
530,0.9809013289004104,0.9809911836782474,0.913717897723473,0.9858006
531,0.9818836755803376,0.9810662582695258,0.9117546180945542,0.98767775
532,0.9819279947958724,0.9810662582695258,0.9141120335014048,0.9858006
533,0.9818960699372246,0.9810662582695258,0.9117106560491461,0.98767775
534,0.9818090277490872,0.980047609273496,0.9072618625861528,0.98816586
535,0.981719919834802,0.980047609273496,0.9123683214490256,0.9862701
536,0.981682173384283,0.980047609273496,0.9041242259244882,0.9862701
537,0.9803891227123962,0.980047609273496,0.9100547404262996,0.9862701
538,0.9814961641343368,0.9795675834212678,0.906325786268412,0.98814726
539,0.9813820797129916,0.9795675834212678,0.9101702046565862,0.9862701
540,0.98144386370414,0.9795675834212678,0.9096917966402964,0.98816586
541,0.9814476195698634,0.9795675834212678,0.9124204398686874,0.9858006
542,0.9812131596520868,0.9795675834212678,0.9133937464492444,0.9862701
543,0.9800293107761048,0.9795675834212678,0.9122630932105649,0.9858006
544,0.9812110000292956,0.9795675834212678,0.9095532325005578,0.98767775
545,0.981119920285506,0.9795675834212678,0.9094129186313078,0.98767775
546,0.9810768217263311,0.9795675834212678,0.9137198310405162,0.98767775
547,0.9811070564454036,0.9795675834212678,0.9093689894497899,0.98767775
548,0.9810984179542402,0.9795675834212678,0.9140757889763718,0.98713875
549,0.9810005776521484,0.9795675834212678,0.919013105428524,0.98713875
550,0.9798887475014104,0.9795675834212678,0.9116971710650245,0.98713875
551,0.9810030189648684,0.9795675834212678,0.9155983158973136,0.98713875
552,0.9810142865620384,0.9795675834212678,0.9232600576201042,0.98713875
553,0.9809376669012831,0.9795675834212678,0.9197962695591277,0.98713875
554,0.980824615343012,0.9795675834212678,0.9182642819813713,0.98713875
555,0.9806334417776964,0.9795675834212678,0.9201607041031395,0.98713875
556,0.9807399205709518,0.9828974003140845,0.9199643084887534,0.98713875
557,0.980676258646942,0.9828974003140845,0.9213448012205546,0.98713875
558,0.980689967556832,0.9795675834212678,0.9213870209156618,0.98713875
559,0.9804170100153916,0.9795675834212678,0.9252403245278934,0.9872471
560,0.979299639962712,0.9795675834212678,0.9254336222471108,0.98713875
561,0.9805698737503296,0.9795675834212678,0.9246193317052096,0.98713875
562,0.9804907188802112,0.9795675834212678,0.9271017325238211,0.98710805
563,0.9804096860772312,0.9795675834212678,0.9271561505488066,0.9872471
564,0.9803840522936696,0.9795675834212678,0.9211303696425722,0.9872471
565,0.9804017987592122,0.9795675834212678,0.9257932232024371,0.9872471
566,0.9802993575216092,0.9795675834212678,0.9226511410299102,0.9872471
567,0.9801771979889592,0.9795675834212678,0.9285368375667291,0.98713875
568,0.98016198673278,0.9795675834212678,0.9179019001973143,0.98710805
569,0.980085648761954,0.9795675834212678,0.9238589517206,0.98713875
570,0.9799718460305382,0.9795675834212678,0.9241502148857439,0.98713875
571,0.979741235875128,0.9795675834212678,0.9222587692518791,0.98713875
572,0.9799337239934468,0.9806451174751403,0.9220820107618646,0.9863883
573,0.9798431137328724,0.9806451174751403,0.9195264525763072,0.9863883
574,0.9785919409638004,0.9795675834212678,0.921002073925866,0.9863576
575,0.9797763532196408,0.9795675834212678,0.9263363194001893,0.9864967
576,0.9797433954979188,0.9806451174751403,0.9250506011214708,0.9864967
577,0.9796259307974228,0.9806451174751403,0.9249011925962451,0.9864967
578,0.9795383252294272,0.9795675834212678,0.9194820253972509,0.9864967
579,0.9795584191110468,0.9795675834212678,0.9313365367386404,0.9864967
580,0.9794760717550636,0.9795675834212678,0.9307857374499103,0.9864967
581,0.9793063066243708,0.9795675834212678,0.9304011540605346,0.9864967
582,0.9793813300421934,0.9795675834212678,0.9229748202658263,0.9864967
583,0.979303208035149,0.9795675834212678,0.9356092241992765,0.9864967
584,0.9792563536102508,0.9795675834212678,0.932426037503125,0.9864967
585,0.9792134428443622,0.9795675834212678,0.9345480999768174,0.9864967
586,0.9791090297772548,0.9784296809252562,0.9145323072823374,0.9864967
587,0.9789423632357834,0.980379828956851,0.9274437734397105,0.9864967
588,0.9789753209575054,0.9784296809252562,0.9146939777572025,0.9864967
589,0.9789002975396828,0.978415825957767,0.9286978744642358,0.9864967
590,0.9788478093161996,0.978415825957767,0.9272478497075393,0.986466
591,0.9777284674340152,0.978415825957767,0.9197197509302851,0.9864967
592,0.9787653680635732,0.9771834643657351,0.9253484935135612,0.9864967
593,0.9787434901457353,0.9772717227212745,0.9199638287924703,0.9864967
594,0.9786866826766702,0.9771709174760876,0.920635234003977,0.9864967
595,0.978603114664327,0.9773216190161524,0.9166473195337841,0.9864967
596,0.9785819879196336,0.9771709174760876,0.9192476921887973,0.9864967
597,0.9785127860936818,0.9773216190161524,0.9179889620107466,0.9864967
598,0.9784025514347032,0.9771709174760876,0.9137338165536786,0.9864967
599,0.9772582330454588,0.9773216190161524,0.9151867335915659,0.9864967
600,0.9782840538711332,0.9773216190161524,0.9177708426518549,0.9863883
601,0.9781026455566982,0.9773216190161524,0.9123133269885071,0.9864967
602,0.978165086824348,0.9773216190161524,0.9116904561079056,0.9864967
603,0.9781304389630506,0.980379828956851,0.9174203753383999,0.9864967
604,0.9780968239648272,0.9773216190161524,0.9208910663377672,0.9864967
605,0.9780482794003535,0.9773216190161524,0.9217247008979388,0.9864967
606,0.9780186080611396,0.9773216190161524,0.9157578850864474,0.9863576
607,0.977946025956037,0.9773216190161524,0.9130585243370829,0.9864967
608,0.9778589837678996,0.9773216190161524,0.9150945152201795,0.9864967
609,0.9778451809613664,0.9773216190161524,0.9147871633320288,0.9864967
610,0.9777668711610358,0.9773216190161524,0.9107917427046641,0.9864967
611,0.9776854627714834,0.9773216190161524,0.9145102341489388,0.9864967
612,0.9764990786861382,0.9773216190161524,0.9190170030197069,0.9864967
613,0.9774574817220796,0.9773216190161524,0.9111248803799992,0.9864967
614,0.9774813314694224,0.9773216190161524,0.9215688687632224,0.9864967
615,0.977428279866081,0.9773216190161524,0.9239445207302649,0.9856829
616,0.9774906272370876,0.9773216190161524,0.9121899866411417,0.9856829
617,0.97730151939792,0.9773216190161524,0.9197993019507311,0.9856829
618,0.9771430218643968,0.9773216190161524,0.9172003573425065,0.9856829
619,0.9771611439165118,0.9773216190161524,0.9150011767167967,0.9856829
620,0.9771380453423134,0.9773216190161524,0.9142188281750291,0.9856829
621,0.9770333505852764,0.9773216190161524,0.9111733443902714,0.9856829
622,0.9769189844740024,0.9773216190161524,0.9027237056386543,0.9856829
623,0.976815979856541,0.9773216190161524,0.9162564079566693,0.9856829
624,0.976834195805299,0.9773216190161524,0.9156497311346965,0.9856829
625,0.9768144775102516,0.9773216190161524,0.915369529672192,0.9856829
626,0.97659447767551,0.9773216190161524,0.9133797171989859,0.9856829
627,0.9766070598256829,0.9773216190161524,0.9140695198118935,0.9856829
628,0.9766260269475854,0.9773216190161524,0.9135319525370567,0.9856829
629,0.9765636795765787,0.9773216190161524,0.9141275254183002,0.9856829
630,0.9752285632085912,0.9773216190161524,0.9104282251285134,0.9856829
631,0.976323304170288,0.9773216190161524,0.9107638729893477,0.9856829
632,0.976226402834627,0.9773216190161524,0.9112531657357266,0.9856829
633,0.9762568253469855,0.9773216190161524,0.9080385293776233,0.9856829
634,0.976210440405303,0.9773216190161524,0.9106894567341619,0.9856829
635,0.9761396423364188,0.9773216190161524,0.9088402665277764,0.9856829
636,0.9761915671800436,0.9773216190161524,0.915221031139021,0.9856829
637,0.9761319428116862,0.9773216190161524,0.9142734814676889,0.9856829
638,0.9760690320608212,0.9773216190161524,0.9095620889596892,0.9856829
639,0.9760455579000504,0.9773216190161524,0.9120726810309212,0.9856829
640,0.9759747598311664,0.9773216190161524,0.9134146417817729,0.9856829
641,0.9757627412110864,0.9773216190161524,0.9143968240474982,0.9856829
642,0.9756541966916834,0.9773216190161524,0.914568515644614,0.9856829
643,0.9756501591360308,0.9773216190161524,0.90697384561924,0.9856829
644,0.9756055582305668,0.9773216190161524,0.9001394368199513,0.9856829
645,0.9755590793922408,0.9773216190161524,0.9020356316876095,0.9856829
646,0.975376826008018,0.9773216190161524,0.9012179086563559,0.9856829
647,0.9753064035257064,0.9771709174760876,0.8993185220930471,0.9856829
648,0.9752291265884496,0.9773216190161524,0.8999611752947859,0.9856829
649,0.9751460280593216,0.9773216190161524,0.910142665930535,0.9856829
650,0.9750597370443288,0.9773216190161524,0.8962628726548734,0.9856829
651,0.975150910684762,0.9773216190161524,0.8989658892298893,0.9856829
652,0.9749885633888729,0.9773216190161524,0.9012756079181966,0.9856829
653,0.9749631173985972,0.9771709174760876,0.895199889533953,0.9856829
654,0.974758704406607,0.9771709174760876,0.8976138182296263,0.98557454
655,0.9747895964021812,0.976936956675839,0.8891974936504662,0.98557454
656,0.9745843383404031,0.9771709174760876,0.8932332974441406,0.9856829
657,0.9746169204755528,0.9771709174760876,0.8891363524508312,0.98557454
658,0.9744696905391996,0.9771709174760876,0.8938498176896919,0.98557454
659,0.973311287653493,0.9771709174760876,0.8934915293839418,0.98557454
660,0.9743807704182008,0.976936956675839,0.8884530795787108,0.98557454
661,0.9743038690675162,0.9771709174760876,0.8950772309792195,0.98557454
662,0.974213446600228,0.976936956675839,0.8876420061322995,0.98557454
663,0.9741284701382384,0.976936956675839,0.8854342607990013,0.98557454
664,0.974012695577318,0.980379828956851,0.8844156702985153,0.98557454
665,0.9739519444492436,0.976936956675839,0.8943919222902339,0.98557454
666,0.9738345736453908,0.9771709174760876,0.890865559732004,0.9857175
667,0.9737986112310902,0.976936956675839,0.8935350750864952,0.98557454
668,0.9736704423132828,0.976936956675839,0.8939298801782387,0.984291
669,0.97360790714899,0.9771709174760876,0.8885479066940798,0.984291
670,0.9735361701136752,0.9771709174760876,0.8913997078612403,0.9843994
671,0.9733541045227384,0.9773216190161524,0.889978903765582,0.9843994
672,0.9732545740810712,0.9771709174760876,0.8907144760813719,0.984291
673,0.973291757151732,0.976936956675839,0.8849667072221753,0.984291
674,0.9732145741111182,0.976936956675839,0.888668571784259,0.98443395
675,0.97315645208905,0.9771709174760876,0.8848952348093411,0.98443395
676,0.9731176727754572,0.976936956675839,0.8881385439985754,0.98443395
677,0.9730475319830746,0.976936956675839,0.8875723232485597,0.984291
678,0.9728934475917764,0.976936956675839,0.883511094917355,0.984291
679,0.9726952317782296,0.9730377398255109,0.8813763803823302,0.984291
680,0.9727011472667438,0.9742165499197701,0.8849735192944757,0.984291
681,0.9727608655317442,0.9706863665055301,0.8852682735105106,0.984291
682,0.9726029313780798,0.9707468817293528,0.8821195242878747,0.984291
683,0.9725172976395886,0.9707468817293528,0.8859829191834991,0.9843994
684,0.9724302554514512,0.9707468817293528,0.8830133392319479,0.9843994
685,0.9723974855230156,0.9707468817293528,0.8842400796998255,0.98283523
686,0.9723606780389272,0.9706863665055301,0.8875848584936326,0.9827269
687,0.9721690349903964,0.9706863665055301,0.8872374729967638,0.9827269
688,0.9720429317987368,0.9707468817293528,0.8869205967291405,0.9826962
689,0.9720184247748922,0.9707468817293528,0.8811768869724923,0.98283523
690,0.9719240586485944,0.9707989578234776,0.8891016502757474,0.98283523
691,0.971821805204278,0.9707989578234776,0.8836465599433183,0.98283523
692,0.9718638709003788,0.9706159669538309,0.8860118995656298,0.9827269
693,0.9716316645020362,0.9705734598528473,0.8860996386028481,0.98013383
694,0.9716074391681208,0.9705734598528473,0.8834946417439129,0.98063827
695,0.9704050926534517,0.9706159669538309,0.8784158865083823,0.9799909
696,0.970307627937932,0.9706159669538309,0.8790404182043752,0.98013383
697,0.971295045036586,0.9790815406288227,0.8756536819684003,0.9800255
698,0.9711921343157676,0.9706159669538309,0.879688241717917,0.9799909
699,0.9711601155604768,0.9705883028729745,0.8663280693474833,0.98063827
700,0.9709901626364976,0.9705734598528473,0.8795766805309473,0.98063827
701,0.9709800217990446,0.9705734598528473,0.8811273418223663,0.97792864
702,0.9709208669139028,0.9705734598528473,0.8792153698997495,0.97792864
703,0.9707877214740122,0.9706159669538309,0.8825121862038772,0.9772813
704,0.9707069703609612,0.9706159669538309,0.8785488056095239,0.9774242
705,0.9706550455173368,0.9706159669538309,0.8786858726021125,0.97738963
706,0.9705301629820372,0.9719764180167973,0.8796078857114937,0.97725385
707,0.9692528869461884,0.9706159669538309,0.8770059393919667,0.9773929
708,0.9702741068363516,0.9706159669538309,0.8809865847720522,0.97728455
709,0.9702408674247004,0.9706159669538309,0.8809373261591122,0.97621375
710,0.969090539650299,0.9706159669538309,0.874589858036075,0.9763221
711,0.96899279324485,0.9730377398255109,0.873279172281034,0.9763221
712,0.970037205605855,0.9706159669538309,0.8746217229687636,0.9763221
713,0.9699641540175368,0.9706159669538309,0.8816578013289325,0.9763221
714,0.9698293184380709,0.9706159669538309,0.8795278175901392,0.9763221
715,0.969850257389478,0.9706159669538309,0.8861885059483987,0.9763221
716,0.9697250931642494,0.9706159669538309,0.8828539746524429,0.9763221
717,0.969732792688982,0.9727526452763335,0.8859556129540813,0.9763221
718,0.9696086613268272,0.9706159669538309,0.8829649663874574,0.9763221
719,0.9695759852950344,0.9731761922670926,0.886660515124822,0.9763221
720,0.9694902576599004,0.9727526452763335,0.885214289679314,0.9763221
721,0.9693376756148916,0.9730377398255109,0.8854961938417631,0.9763221
722,0.9692064081078624,0.9693464339771166,0.886915125937696,0.9763221
723,0.9691798353578704,0.9693464339771166,0.8859413943328057,0.9763221
724,0.96897298105316,0.9676197095804883,0.8824466184227822,0.9763221
725,0.9689496946856754,0.9731761922670926,0.8802141487584195,0.9763221
726,0.9688913848703212,0.9676197095804883,0.8792010526923297,0.9763221
727,0.9687622769860832,0.9676197095804883,0.8758294457545652,0.9763221
728,0.968797394330596,0.9731761922670926,0.8781596246575493,0.9763221
729,0.968670915552364,0.9676197095804883,0.8804240164877271,0.9763221
730,0.968539741941978,0.9676197095804883,0.8797687753557113,0.9763221
731,0.9683115730992878,0.971977139738122,0.8724853628547108,0.9763221
732,0.968222934668218,0.9676197095804883,0.87746992010527,0.97618306
733,0.968164530956221,0.9720453246159044,0.8741256159916511,0.9763221
734,0.9681111976629502,0.9676197095804883,0.8804911455898679,0.97355795
735,0.9680946718537676,0.9676197095804883,0.8759722274896619,0.97355795
736,0.9679442494315498,0.9676197095804883,0.8782935859266269,0.97355795
737,0.9678862213061248,0.9676197095804883,0.8730881087522717,0.97355795
738,0.9666938278356224,0.9676197095804883,0.8745686917982973,0.97355795
739,0.9676761745155498,0.9727327248951458,0.8784064907575089,0.97355795
740,0.9675797426631042,0.9731562718859049,0.8826798925978117,0.97355795
741,0.9674706347638424,0.9676197095804883,0.8848475066793149,0.97355795
742,0.967439367181696,0.9731562718859049,0.8841841856922474,0.97355795
743,0.9672988978036448,0.9727327248951458,0.8762025146444758,0.97355795
744,0.9672317617038412,0.9727327248951458,0.8769009072387024,0.97355795
745,0.9671960809794696,0.9676197095804883,0.8751545639391497,0.97355795
746,0.9671327007453892,0.9731562718859049,0.8702386856262847,0.97355795
747,0.9670177712542564,0.9731562718859049,0.8718093394217259,0.9734189
748,0.9668415272551908,0.9676197095804883,0.8695216626394551,0.97355795
749,0.9667781470211102,0.9676197095804883,0.8659740334994579,0.9734496
750,0.9667216212419748,0.9731562718859049,0.8694512758654147,0.9734496
751,0.9664905416033492,0.9731562718859049,0.871108994231405,0.9734496
752,0.9664011519991348,0.9676197095804883,0.8713469766713495,0.97355795
753,0.9663313867933246,0.9731562718859049,0.8658695090298452,0.9734496
754,0.9661457531299508,0.9730377398255109,0.8623651685226472,0.97355795
755,0.9660325137783934,0.9676197095804883,0.87165653104718,0.97409695
756,0.9659712931671038,0.9731562718859049,0.8637967056586979,0.9739886
757,0.9657883825063792,0.9727327248951458,0.8632349248890956,0.97409695
758,0.9657870679533764,0.9731562718859049,0.8591766467787157,0.97409695
759,0.9656551431698456,0.9731562718859049,0.8613610103451892,0.97409695
760,0.9655831244446016,0.9731562718859049,0.8652754214520351,0.9735925
761,0.9654416222034764,0.9727327248951458,0.8630950467403504,0.97409695
762,0.9653311058545684,0.9731562718859049,0.8606282729297431,0.97409695
763,0.9650700731867996,0.9731562718859049,0.856448714117412,0.9744767
764,0.9650160826170272,0.9676197095804883,0.8554875144454079,0.97409695
765,0.9650144863740948,0.9731562718859049,0.852945452236425,0.9744767
766,0.9649395568529152,0.9676197095804883,0.8573174957589145,0.9745632
767,0.9636101681801554,0.9727327248951458,0.856966349524945,0.9744548
768,0.9645930782399414,0.9676197095804883,0.8555212856246509,0.9739886
769,0.9646000265915292,0.9676197095804883,0.8598094357631476,0.97409695
770,0.9644830313742488,0.9731562718859049,0.8648645106847214,0.9732199
771,0.963258713045098,0.9727327248951458,0.8554435388611523,0.9732199
772,0.9641435011128632,0.9676197095804883,0.8574135859941336,0.9732199
773,0.9641373039344197,0.9676197095804883,0.858963027916944,0.9732199
774,0.9640100739830432,0.9676197095804883,0.8538781894990084,0.9731115
775,0.9637711070263985,0.9676197095804883,0.8580328414992702,0.9732199
776,0.963754487320573,0.9676197095804883,0.859589747024164,0.97268087
777,0.9637547690105022,0.9676197095804883,0.8509018898829463,0.9725725
778,0.9636066940043614,0.9676197095804883,0.863776636476221,0.97268087
779,0.9635162715370732,0.9676197095804883,0.8629539353130087,0.97268087
780,0.9634361777005238,0.9676197095804883,0.8583731003131585,0.97268087
781,0.963391764588346,0.9676197095804883,0.8607515729224556,0.97268087
782,0.9632820933092258,0.9676197095804883,0.8577214105224689,0.97268087
783,0.962977774288996,0.9676197095804883,0.8507578260809927,0.9725725
784,0.962989041886166,0.9731562718859049,0.8506087241626438,0.9725725
785,0.9627672580152054,0.9676197095804883,0.8542677153467001,0.9725725
786,0.962709793269639,0.9731562718859049,0.8503845210324295,0.9725725
787,0.9626388074074688,0.9731562718859049,0.8434854835001592,0.9732199
788,0.9624740187988592,0.9676197095804883,0.8499494632442919,0.97271544
789,0.9624355211751956,0.9676197095804883,0.8529953222420683,0.9732199
790,0.9622622818687084,0.9731562718859049,0.8436627471132574,0.9732199
791,0.9620858500763568,0.9727327248951458,0.847564369853036,0.9731115
792,0.962000591924438,0.9691386495681268,0.8482465002116375,0.9731115
793,0.9617844418520626,0.9676197095804883,0.8387718171596654,0.97271544
794,0.9615722354386964,0.9676197095804883,0.8348964761759489,0.97357774
795,0.961500873989954,0.9691386495681268,0.8368644588506995,0.97357774
796,0.9612981511375392,0.9676197095804883,0.8315457020774757,0.97357774
797,0.9611826582665478,0.9676197095804883,0.8303886615562868,0.974014
798,0.9609267899141486,0.9676197095804883,0.8237226073282048,0.974014
799,0.9609220950819944,0.9676197095804883,0.8234230765779894,0.97213686
800,0.9607486679822214,0.9676197095804883,0.8290135372617842,0.97213686
801,0.9606058511880928,0.9676197095804883,0.8251520079434937,0.97213686
802,0.9604442550653484,0.9731562718859049,0.8177174093021149,0.97213686
803,0.9603872598029974,0.9731562718859049,0.826904394284474,0.97213686
804,0.9603668842314486,0.9676197095804883,0.8218146922515632,0.97213686
805,0.9601116731555508,0.9676197095804883,0.8289148942614739,0.974014
806,0.9600601238984986,0.9676197095804883,0.8287261091416762,0.97305226
807,0.9598592789789454,0.9731562718859049,0.8254694853614454,0.97213686
808,0.9597917672925692,0.9731562718859049,0.8261760182544524,0.97213686
809,0.9594986219728662,0.9676197095804883,0.8259349302196102,0.97213686
810,0.9594483872688172,0.9691386495681268,0.8288671812396498,0.97213686
811,0.9593260399428808,0.9676197095804883,0.8249659026048546,0.974014
812,0.9591752419340906,0.9676197095804883,0.8214976502875455,0.97213686
813,0.958946321918256,0.9676197095804883,0.8217630391985349,0.97213686
814,0.9587200310084276,0.9731562718859049,0.8131434704247835,0.97213686
815,0.9586699840976648,0.9731562718859049,0.814457804847802,0.97213686
816,0.9584894208530172,0.9731562718859049,0.8180387707139403,0.97213686
817,0.9583878246852022,0.9731562718859049,0.8161428924458314,0.97213686
818,0.9582982472877016,0.9731562718859049,0.8210701304520982,0.97213686
819,0.9582033177815454,0.9731562718859049,0.8150365371775368,0.97213686
820,0.958110454001537,0.9731562718859049,0.8192485243108265,0.97213686
821,0.9579539282975188,0.9731562718859049,0.8135486946455408,0.97213686
822,0.9578118626765352,0.9731562718859049,0.8233390869556183,0.97213686
823,0.9576388111633344,0.9731562718859049,0.8214762803915856,0.97213686
824,0.9574828488391746,0.9691386495681268,0.8180492510197936,0.97213686
825,0.957362285549457,0.9676197095804883,0.8173073185636685,0.97213686
826,0.9571550556581742,0.9676197095804883,0.823252366406178,0.974014
827,0.957020220078708,0.9676197095804883,0.8165097329037145,0.974014
828,0.9568655723075514,0.9676197095804883,0.8202394010269494,0.97213686
829,0.956702004355302,0.9676197095804883,0.8203592376138995,0.97213686
830,0.9566074504357182,0.9730377398255109,0.8100750252737804,0.97213686
831,0.956390643086841,0.9676197095804883,0.8117687272370661,0.97213686
832,0.9562010657644576,0.9676197095804883,0.8146502561422098,0.97213686
833,0.956061253662908,0.9676197095804883,0.8162686581085234,0.97213686
834,0.9559004087133082,0.9676197095804883,0.8129860695928993,0.97213686
835,0.9557339299651232,0.9676197095804883,0.8132346078968942,0.97213686
836,0.9556060427372448,0.9676197095804883,0.8140931742245743,0.97213686
837,0.9554151508618588,0.9676197095804883,0.8126261693913632,0.97213686
838,0.9553020993035874,0.9691386495681268,0.8178768024708158,0.974014
839,0.9551244468548756,0.9676197095804883,0.809083177480364,0.974014
840,0.9549291418372644,0.9676197095804883,0.8133442772159248,0.97213686
841,0.9548072639945436,0.9676197095804883,0.8101506274502409,0.97213686
842,0.954697123232208,0.9676197095804883,0.8065058861738559,0.9704606
843,0.954500034178378,0.9676197095804883,0.7999644867425025,0.9704606
844,0.9542824756563564,0.9676197095804883,0.8046210371053983,0.9704606
845,0.9542222879081406,0.9676197095804883,0.8078951432000099,0.9704606
846,0.9538780628146007,0.9676197095804883,0.8152318136396057,0.9704606
847,0.9537748704038532,0.9676197095804883,0.8064205336690164,0.9704606
848,0.9536243540849924,0.9676197095804883,0.7971714688679395,0.9704606
849,0.9534123354649124,0.9676197095804883,0.8030529428588757,0.9704606
850,0.9531805046531422,0.9676197095804883,0.7998233511309928,0.9704606
851,0.9530540258749104,0.9676197095804883,0.8129385813172769,0.9704606
852,0.9527608805552072,0.9676197095804883,0.8081241560905781,0.9704606
853,0.9527202233087526,0.9676197095804883,0.8049698080766448,0.9704606
854,0.9524962798150012,0.9676197095804883,0.801778443269914,0.9704606
855,0.9523149653972092,0.9676197095804883,0.7995157100859307,0.9704606
856,0.9520970312886152,0.9676197095804883,0.8043076913498379,0.9704606
857,0.9519682050943062,0.9691386495681268,0.8056648987694142,0.9704606
858,0.951728768654446,0.9676197095804883,0.8007037035569406,0.9704606
859,0.9514670787101756,0.9676197095804883,0.8025688418507371,0.9704606
860,0.9512196610556538,0.9676197095804883,0.8001568575236182,0.9704606
861,0.9510836048198276,0.9676197095804883,0.7957201132670835,0.9687063
862,0.9509070791308326,0.9676197095804883,0.7975864901835061,0.9690959
863,0.950670177900336,0.9676197095804883,0.7963569545682071,0.9687063
864,0.9505062343615144,0.9676197095804883,0.7956312439971531,0.97122765
865,0.9501360937944836,0.9691386495681268,0.7961678037758781,0.9687063
866,0.950122854367809,0.971977139738122,0.7921532347984346,0.97122765
867,0.9498239813528778,0.9676197095804883,0.7919406610357208,0.9679254
868,0.9496505542531049,0.9676197095804883,0.7941475620043665,0.9679254
869,0.9494219159271994,0.9676197095804883,0.7952891029671276,0.9679254
870,0.9491948738442264,0.9676197095804883,0.7935207775389022,0.9679254
871,0.9489883951260882,0.9676197095804883,0.7930345478368809,0.9679254
872,0.9487125267887124,0.9676197095804883,0.7919499828016237,0.9686252
873,0.9485187241173904,0.9676197095804883,0.7890614263372246,0.9686252
874,0.9482394755008636,0.9676197095804883,0.7878092902428834,0.9679254
875,0.9480387244779536,0.9676197095804883,0.7928292785140023,0.9696797
876,0.9478154382607036,0.9676197095804883,0.7915594351977113,0.9679254
877,0.9476002271547592,0.9676197095804883,0.7988965974243852,0.9696797
878,0.9474307437139954,0.9676197095804883,0.8054997542656309,0.9696797
879,0.9472035138377364,0.9676197095804883,0.8021756601604834,0.9696797
880,0.946935345025093,0.9676197095804883,0.803894155413412,0.9696797
881,0.9467169414332834,0.9676197095804883,0.7905102045645958,0.97044677
882,0.9464926223529596,0.9676197095804883,0.7902143175871246,0.9679254
883,0.9461915897152378,0.9676197095804883,0.7895085652630851,0.9686252
884,0.945876003097838,0.9676197095804883,0.7906292996416989,0.9686252
885,0.9456571300228132,0.9676197095804883,0.7878597143206199,0.9686252
886,0.9454280222136924,0.9676197095804883,0.794300762467198,0.9686252
887,0.9452194777694064,0.9676197095804883,0.7915678207344965,0.96782815
888,0.9449606047244284,0.9676197095804883,0.7937716516660357,0.9686252
889,0.9446910274621392,0.9676197095804883,0.7889790875859255,0.9686252
890,0.944352248373898,0.9676197095804883,0.7896778961350304,0.9686252
891,0.9440756288633776,0.9676197095804883,0.7912630933391656,0.9686252
892,0.9438199483042642,0.9676197095804883,0.7909513558231422,0.9686252
893,0.9434981645084212,0.9610497553658897,0.7885274657379031,0.9679534
894,0.9431218267629472,0.9610497553658897,0.7891862756056776,0.9679534
895,0.9429136579052336,0.9676197095804883,0.787093420502076,0.9686252
896,0.9425403248523384,0.961867729849681,0.7869398379130813,0.9673309
897,0.9422518743647892,0.9610497553658897,0.7846300337990129,0.9679534
898,0.9419765694072718,0.9610497553658897,0.7901824786968525,0.9679534
899,0.9417181658455092,0.9610497553658897,0.790046818162882,0.9679534
900,0.9413794806539112,0.961867729849681,0.7834428333352095,0.9679534
901,0.9409598565559764,0.9615273054128313,0.7804499167130511,0.9679534
902,0.9406866173246068,0.9610497553658897,0.7826139713453867,0.97034276
903,0.9403417349545654,0.9617624960537327,0.785486272201051,0.9673309
904,0.9400463361154284,0.9617624960537327,0.7812562593490437,0.97034276
905,0.9396835194865584,0.9617624960537327,0.778771919506846,0.97034276
906,0.9392983554566344,0.9610497553658897,0.7777524896937515,0.96751916
907,0.9390305622305636,0.9617624960537327,0.7827166106530535,0.97034276
908,0.9387014263275671,0.9584581089073285,0.7771977136778478,0.97034276
909,0.938271041674335,0.9576790354121982,0.7756031688772269,0.97034276
910,0.937858121796716,0.9576790354121982,0.7822446150503554,0.97034276
911,0.9374841502466478,0.9576790354121982,0.775016203137199,0.9697482
912,0.9370690425772452,0.9576790354121982,0.7815094462565514,0.9673309
913,0.9367177376768168,0.9576790354121982,0.7816655570970159,0.96751916
914,0.9362777286176688,0.9576790354121982,0.7722382405425378,0.97034276
915,0.9359330340409134,0.9576790354121982,0.7650587987637297,0.9684425
916,0.9355353348091384,0.9576790354121982,0.768977915235544,0.9684425
917,0.93516136325907,0.9576790354121982,0.7735329286445205,0.9684425
918,0.9346954387264312,0.9576790354121982,0.7665714422223022,0.9684425
919,0.934220950819943,0.9576790354121982,0.7747499637852558,0.9684425
920,0.9337807727468376,0.9576790354121982,0.7746501788978318,0.9684425
921,0.9334626603097388,0.9576790354121982,0.7712427233312652,0.9684425
922,0.9330077592429978,0.9576790354121982,0.776387236764871,0.9684425
923,0.9324329803320336,0.9576790354121982,0.7788924670602028,0.9684425
924,0.9320015909847204,0.9576790354121982,0.7689453906375331,0.967917
925,0.9315583331017216,0.9576790354121982,0.7763199865150523,0.9684425
926,0.9311041080908108,0.9576790354121982,0.7729329763718069,0.9657645
927,0.9304592635047788,0.9576790354121982,0.7791171548807357,0.96337515
928,0.9300615079350176,0.9576790354121982,0.7659021890407224,0.9657645
929,0.9295041280720164,0.9576790354121982,0.7760922442751612,0.96516997
930,0.928993827985857,0.9576790354121982,0.7780195662855768,0.9657645
931,0.9284483729965274,0.9576790354121982,0.7751949105163816,0.96337515
932,0.9279020259890886,0.9576790354121982,0.7704514743928776,0.9657645
933,0.9273163362881982,0.9576790354121982,0.774261219389853,0.9657645
934,0.9267671348228096,0.9576790354121982,0.7756288399189524,0.9657645
935,0.926202487359634,0.9576790354121982,0.7791518337594433,0.9657645
936,0.9255515864401228,0.957319220525611,0.7729956773493392,0.9657645
937,0.9249453615433904,0.957319220525611,0.7667893898058467,0.9657645
938,0.9243419817149432,0.957319220525611,0.7698105765241482,0.9657645
939,0.9237110713907446,0.957319220525611,0.768640885919181,0.9657645
940,0.9230780296127478,0.957319220525611,0.7659150272841972,0.9657645
941,0.9224263493510992,0.957319220525611,0.769518545134987,0.9657645
942,0.9217827348110912,0.957319220525611,0.7702869176266949,0.9657645
943,0.9211183503336337,0.957319220525611,0.774181278055705,0.9657645
944,0.920450219380117,0.957319220525611,0.7720005139054928,0.9657645
945,0.9198621165354994,0.9576790354121982,0.7685036747280054,0.9657645
946,0.9191211217869508,0.957319220525611,0.7706363171447149,0.96294093
947,0.918453601161614,0.957319220525611,0.765667468280273,0.9657645
948,0.917691958541252,0.957319220525611,0.7662762274893706,0.9657645
949,0.9170545505693518,0.9398162792051452,0.7641708540614053,0.9657645
950,0.9163464572045392,0.9622397360467592,0.7687350904816186,0.96337515
951,0.9157708989514376,0.957319220525611,0.7704427741712504,0.96337515
952,0.914979584991861,0.9398162792051452,0.773574834722166,0.9657645
953,0.9142195480040956,0.9398162792051452,0.7729085185354327,0.9657645
954,0.9135439240984607,0.9622397360467592,0.7638036998020348,0.9637424
955,0.9128234082077684,0.9622397360467592,0.7629001317142514,0.96294093
956,0.9120178219584436,0.9622397360467592,0.7656501279209627,0.96275264
957,0.9114148364958976,0.9622397360467592,0.766819279757115,0.9637424
958,0.9106808276575944,0.938884571099881,0.7688728424291197,0.9637424
959,0.9099412319690277,0.9622397360467592,0.7691195312417068,0.9637424
960,0.9092279930681744,0.938884571099881,0.7654080662102963,0.9637424
961,0.908512228347622,0.938884571099881,0.7698654748432114,0.96102715
962,0.9078156091525942,0.9622397360467592,0.7738419481936984,0.9637424
963,0.9070812153380542,0.9392016203192205,0.7736347649426224,0.9637424
964,0.9064068120887796,0.9622397360467592,0.7662259049218237,0.9637424
965,0.905661394808342,0.9392016203192205,0.7694220877441104,0.9637424
966,0.9049381934736576,0.9392016203192205,0.767571107475934,0.9637424
967,0.9042066541170676,0.9392016203192205,0.7626226843950723,0.9637424
968,0.9033625608544144,0.9560366189807998,0.7627089158846607,0.9632169
969,0.902728007340464,0.9560366189807998,0.7690639163850748,0.9637424
970,0.9020138764215014,0.956331926692943,0.7612059224662192,0.9637424
971,0.9013207220126032,0.9560366189807998,0.762367109706366,0.9637424
972,0.9005870605918794,0.9565693959471235,0.7655739431520043,0.9637424
973,0.8998211550639211,0.9560366189807998,0.7666154663427328,0.9637424
974,0.8990833434115731,0.9560366189807998,0.7670632180837591,0.9631478
975,0.8983473815230938,0.955289018561194,0.7607754294164245,0.9637424
976,0.8976185276104958,0.955289018561194,0.7667874807757074,0.9637424
977,0.8968955985760763,0.9554183686739668,0.7668184899755391,0.9637424
978,0.8961842657770774,0.9547160529082137,0.7663514926992846,0.96324867
979,0.8954406325328583,0.9547160529082137,0.7611123331255689,0.96324867
980,0.8947253185161927,0.9550293839039764,0.7602455037667578,0.96324867
981,0.8940227744429864,0.955289018561194,0.7619808479131597,0.9637424
982,0.8932954792146636,0.9813058750553114,0.7630275188563274,0.96324867
983,0.892609104143396,0.9550293839039764,0.7701030972626204,0.96324867
984,0.8918289263256892,0.9550293839039764,0.7661457689715969,0.96324867
985,0.891147706180127,0.9550293839039764,0.76130068331531,0.9627375
986,0.8904820916566448,0.9550293839039764,0.7632543831978176,0.9627375
987,0.8897843550915643,0.9550293839039764,0.7659745263674085,0.9627375
988,0.8890061866620195,0.9550293839039764,0.7660223985840088,0.9627375
989,0.8883071637129287,0.9550293839039764,0.7628400600541646,0.9627375
990,0.8875640375105822,0.9550293839039764,0.7638313696573752,0.96255845
991,0.8869030145329468,0.9550293839039764,0.7614719143946719,0.9619639
992,0.8861892685902208,0.9811494170614008,0.7612079750219766,0.9606495
993,0.8854375790140252,0.9545647341789718,0.7606546102501992,0.96255845
994,0.8847371570049526,0.9545647341789718,0.7580972486005993,0.96255845
995,0.8840838617210429,0.9545647341789718,0.7645330568112417,0.96255845
996,0.8832247731644897,0.9811494170614008,0.7603111001334336,0.96255845
997,0.8824489615406863,0.9811050573236636,0.7675011303956338,0.9619639
998,0.8817706428013952,0.9637153372760562,0.7592778926682558,0.96255845
999,0.8810000893896043,0.9811050573236636,0.7667377198648034,0.9588586
1000,0.8803204279283171,0.9810553024826882,0.7659014937044262,0.9588586
1001,0.8796956772239044,0.9529923865915679,0.7646588573377495,0.95945317
1002,0.8789687200234967,0.9634502308267867,0.7673753351004906,0.95945317
1003,0.8782454623508265,0.980854623087021,0.7665297730601972,0.9575442
1004,0.8774930403808148,0.980854623087021,0.7590623268722808,0.95945317
1005,0.8768197075532714,0.9527474927716346,0.762899963169967,0.95945317
1006,0.8760322527457257,0.980854623087021,0.7629444118939228,0.9575442
1007,0.875398544301563,0.980854623087021,0.7685126790313382,0.9575442
1008,0.8746366106016071,0.980854623087021,0.768360769396039,0.9575442
1009,0.8739748646198201,0.980854623087021,0.7719112903816985,0.9575442
1010,0.8732800951886609,0.980854623087021,0.7716130077753967,0.95945317
1011,0.8725626497181975,0.980854623087021,0.7601102357999293,0.95724756
1012,0.8719101337764255,0.980854623087021,0.7664334271212417,0.9575442
1013,0.871142275198291,0.980854623087021,0.7645747944785196,0.9575442
1014,0.870485224048658,0.980854623087021,0.7692350681269857,0.9554105
1015,0.8697523983080576,0.980854623087021,0.7650224197794702,0.95731944
1016,0.8690983142923462,0.980854623087021,0.7761291093588629,0.9554105
1017,0.8683259111166866,0.980854623087021,0.7665607341805418,0.9554105
1018,0.8675629727226496,0.980854623087021,0.7733064248976395,0.9554105
1019,0.8669501375022443,0.980854623087021,0.7647066622217865,0.9551138
1020,0.8662535183072163,0.980854623087021,0.7590183558586321,0.95731944
1021,0.8654947207551394,0.980854623087021,0.7661185691210799,0.95731944
1022,0.8648114254937649,0.980854623087021,0.7613514023642841,0.95731944
1023,0.8640902898852283,0.980854623087021,0.7677320814039236,0.9554105
1024,0.8633707880782813,0.9765451345114518,0.7762869091920628,0.9551138
1025,0.8626553613856441,0.9765451345114518,0.771069670375757,0.9336012
1026,0.8618910802696111,0.9765451345114518,0.7684812014765992,0.93337566
1027,0.8612134375861503,0.9765451345114518,0.7686730075090691,0.93337566
1028,0.8604575977783304,0.9765451345114518,0.7706679881379525,0.93337566
1029,0.8597340114674092,0.9765451345114518,0.7707959025021979,0.93337566
1030,0.8589232702923792,0.9765451345114518,0.7698002560922784,0.93337566
1031,0.8581980032315469,0.9765451345114518,0.7676209618226164,0.93337566
1032,0.8574762009568444,0.9765451345114518,0.7789883894383663,0.93337566
1033,0.8568207742191368,0.9765451345114518,0.7727626815096887,0.93337566
1034,0.8560667841751857,0.9765451345114518,0.776337992109967,0.93337566
1035,0.8554336297212172,0.9765451345114518,0.7693502320019069,0.93337566
1036,0.8547084753363566,0.9765451345114518,0.76759886317421,0.93337566
1037,0.8539510205062758,0.9728640190597455,0.7717179059622087,0.9098917
1038,0.8532950303887097,0.9728640190597455,0.7764975269042645,0.9098917
1039,0.852556833760125,0.9838418041372788,0.7745585778613324,0.91174257
1040,0.8518504774832095,0.9838418041372788,0.7818591698533155,0.91174257
1041,0.8510977738232686,0.9838418041372788,0.7760991163793404,0.9150456
1042,0.8502676242121133,0.9838418041372788,0.7714598276063296,0.91503406
1043,0.8496232209403035,0.9838418041372788,0.7755583879991611,0.91503406
1044,0.8487893154634251,0.9838418041372788,0.7727948768901505,0.91503406
1045,0.8481524145333975,0.9838418041372788,0.7675352962267833,0.9150456
1046,0.8474444901825426,0.9838418041372788,0.7677066594048293,0.9150456
1047,0.8467229132597835,0.9838418041372788,0.780275702862749,0.9150456
1048,0.8459278997724697,0.9838418041372788,0.7811717982392058,0.91398734
1049,0.8452233369214371,0.9838418041372788,0.7871235786610399,0.91398734
1050,0.844475290534993,0.9838418041372788,0.7769668726840058,0.9033762
1051,0.8437627746382914,0.9838418041372788,0.7860431371669869,0.9017234
1052,0.8429684935447936,0.9840376878856232,0.7816513998887344,0.9033762
1053,0.842268681863901,0.9840376878856232,0.7815110792178926,0.90336466
1054,0.8415397152753312,0.9840376878856232,0.7828726998360364,0.89999276
1055,0.8408184200425014,0.9840376878856232,0.7888782008680171,0.89915365
1056,0.8401197820696473,0.9840376878856232,0.7822968491328401,0.89915365
1057,0.8393692192531687,0.9840376878856232,0.7824825815165078,0.8943868
1058,0.8386178583152238,0.9840376878856232,0.7889915284233018,0.8847516
1059,0.8380197460884538,0.9840376878856232,0.7770172940424194,0.8847516
1060,0.837219925093014,0.9840376878856232,0.7884253987076136,0.88445497
1061,0.836562535915466,0.9840376878856232,0.7873309346080385,0.8847516
1062,0.8358544425506536,0.9840376878856232,0.78773705903701,0.8847516
1063,0.8352188843426221,0.9840376878856232,0.7914931833024151,0.8780146
1064,0.8344690445302952,0.9840376878856232,0.7942312305103322,0.8776979
1065,0.8337826131210418,0.9840376878856232,0.7904902832891073,0.8744785
1066,0.8331233272313036,0.9840376878856232,0.7959336588997358,0.8744785
1067,0.832372586011203,0.8920629835990843,0.7929975774117839,0.85545003
1068,0.8316923705597217,0.8922073549819445,0.7927723989594777,0.85545003
1069,0.8310009532387206,0.8920629835990843,0.8042733240627659,0.85200745
1070,0.8303600241427049,0.8867864393116789,0.8016687732865766,0.85287744
1071,0.8297249635868819,0.8765614652369185,0.8033372466228577,0.85287744
1072,0.8290153115377943,0.8637861559603885,0.8066162493949027,0.84858066
1073,0.8284124856995413,0.8629248623557575,0.8134617781925846,0.84824884
1074,0.8278829368015499,0.8629248623557575,0.8112373635059048,0.8482766
1075,0.8273685428217519,0.8629248623557575,0.8079862484682662,0.84860843
1076,0.8268922051513953,0.8629248623557575,0.8190971150583748,0.84860843
